{
  "top_k": {
    "top_1": 0.4266666666666667,
    "top_3": 0.5466666666666666,
    "top_5": 0.574,
    "top_10": 0.6366666666666667
  },
  "mrr": 0.5127725750127604,
  "mean_reward": 0.7163535356521606,
  "median_reward": 0.8865503668785095,
  "reward_std": 0.3575533330440521,
  "reward_threshold_rates": {
    "reward_ge_0.5": 0.758,
    "reward_ge_0.8": 0.5406666666666666,
    "reward_ge_0.9": 0.474,
    "reward_ge_0.95": 0.44666666666666666,
    "reward_ge_0.99": 0.4266666666666667
  },
  "random_reward_baseline": 0.16969586260426714,
  "random_top_1": 0.02,
  "n_trials": 1500
}