{
  "cramer_mean": 0.009238573722541332,
  "cramer_std": 0.015805602073669434,
  "ks_mean": 0.5369454026222229,
  "ks_std": 0.4295803904533386,
  "wasserstein1_mean": 0.05088917538523674,
  "wasserstein1_std": 0.02784237638115883,
  "n_samples": 500
}