{
  "cramer_mean": 0.01996196061372757,
  "cramer_std": 0.03392216935753822,
  "ks_mean": 0.5969486832618713,
  "ks_std": 0.4199782907962799,
  "wasserstein1_mean": 0.07843887805938721,
  "wasserstein1_std": 0.061798810958862305,
  "n_samples": 500
}