{
  "cramer_mean": 0.013205692172050476,
  "cramer_std": 0.02100067026913166,
  "ks_mean": 0.5880109667778015,
  "ks_std": 0.39068514108657837,
  "wasserstein1_mean": 0.060015879571437836,
  "wasserstein1_std": 0.03822103515267372,
  "n_samples": 500
}