{
  "top_k": {
    "top_1": 0.3690677966101695,
    "top_3": 0.4103813559322034,
    "top_5": 0.4271186440677966,
    "top_10": 0.4533898305084746
  },
  "mrr": 0.40843261409788945,
  "mean_reward": 0.8116456866264343,
  "median_reward": 0.9146449565887451,
  "reward_std": 0.24826809763908386,
  "reward_threshold_rates": {
    "reward_ge_0.5": 0.8858050847457627,
    "reward_ge_0.8": 0.6584745762711864,
    "reward_ge_0.9": 0.5305084745762711,
    "reward_ge_0.95": 0.4065677966101695,
    "reward_ge_0.99": 0.3690677966101695
  },
  "random_reward_baseline": 0.22769755052476168,
  "random_top_1": 0.00423728813559322,
  "n_trials": 4720
}