{
  "cramer_mean": 0.016199052333831787,
  "cramer_std": 0.03232356905937195,
  "ks_mean": 0.5799257159233093,
  "ks_std": 0.41019049286842346,
  "wasserstein1_mean": 0.06808099150657654,
  "wasserstein1_std": 0.05574924498796463,
  "n_samples": 500
}