{
  "mean_reward": [
    0.3389301049411297,
    0.5204024991989136,
    0.5599271011352539,
    0.6246342334747315,
    0.6660711886882782,
    0.6823613255023956,
    0.7178443021774292,
    0.731901183128357,
    0.7583189859390259,
    0.7529316153526306,
    0.7593398897647857,
    0.7689446954727173,
    0.7705599145889283,
    0.7697933177947998,
    0.7747076377868652,
    0.7770520434379578,
    0.7714547777175903,
    0.7727546072006226,
    0.7781603610515595,
    0.7786244254112243,
    0.7756019787788391,
    0.777560076713562,
    0.7794703841209412,
    0.7807813262939454,
    0.7789892172813415,
    0.7822531313896179,
    0.7830444960594177,
    0.7825108942985535,
    0.778707044839859,
    0.7836125760078431,
    0.7781771380901337,
    0.7821466135978699,
    0.7808301568031311,
    0.782337272644043,
    0.7828904023170471,
    0.7819277834892273,
    0.7846489586830139,
    0.7822292923927308,
    0.7838794417381286,
    0.7824062547683716,
    0.7817504997253418,
    0.7823893008232117,
    0.7843085503578187,
    0.784552167415619,
    0.7839718840122223,
    0.7811316542625427,
    0.7838966078758239,
    0.7845767478942871,
    0.7814529342651367,
    0.782797212600708
  ],
  "max_reward": [
    0.9978123898506165,
    0.999354932308197,
    0.999785020828247,
    0.9998925437927246,
    1.000000051498413,
    0.9996775131225586,
    1.000000057220459,
    0.9997850370407104,
    1.0000000581741333,
    1.0000000534057618,
    1.0000000524520873,
    1.000000057220459,
    1.0000000567436218,
    1.0000000534057618,
    0.9998925337791443,
    0.9998925366401672,
    1.0000000519752503,
    1.0000000505447388,
    1.000000062942505,
    0.9998925447463989,
    1.000000054359436,
    0.9998925447463989,
    1.0000000538825988,
    0.999892539024353,
    0.998027370929718,
    1.0000000510215759,
    1.000000060081482,
    1.0000000524520873,
    1.000000054359436,
    0.999892539024353,
    0.9998925442695618,
    0.9998925404548645,
    0.9998925323486328,
    1.0000000534057618,
    1.0000000586509705,
    1.0000000591278075,
    0.9998925366401672,
    1.0000000581741333,
    1.0000000581741333,
    1.0000000553131103,
    1.0000000615119935,
    1.000000054359436,
    1.0000000624656677,
    0.9998925428390503,
    1.0000000538825988,
    1.0000000519752503,
    1.0000000586509705,
    1.0000000538825988,
    0.9998925371170044,
    1.0000000524520873
  ],
  "pg_loss": [
    -0.266523178303265,
    -0.14937407210911624,
    -0.21165001094713806,
    -0.16053286877815845,
    -0.13619791536550882,
    -0.06654610597920692,
    -0.1075580101137266,
    -0.0821518901508648,
    -0.060641146455294344,
    -0.06808684670713501,
    -0.06288553678463858,
    -0.03437039950155713,
    -0.03487182308898059,
    -0.034138635553882066,
    -0.03975306494422466,
    -0.020785653119397465,
    -0.023196075049561386,
    -0.031043088616004296,
    -0.01926584526525312,
    -0.023573914611786678,
    -0.02925671456992495,
    -0.02066092353975273,
    -0.015527620329517959,
    -0.013292331875970832,
    -0.014918202823742831,
    -0.012081997064484767,
    -0.017030593316073008,
    -0.01121845623909303,
    -0.021690399130793594,
    -0.006351626825975473,
    -0.01792189375344742,
    -0.00492245524964892,
    -0.006211225634689072,
    -0.01490171609859044,
    -0.008526973408180765,
    -0.009538730719723389,
    -0.004664713643455343,
    -0.0101631848296106,
    -0.013011777759162214,
    -0.011407279354554703,
    -0.01041500197169779,
    -0.009608868727011213,
    -0.007574041922504421,
    -0.010573797849814128,
    -0.003224122772573992,
    -0.0023420995125047737,
    -0.004966058727804466,
    -0.008921874085026957,
    -0.009019832469354241,
    -0.00835486713427008
  ],
  "entropy": [
    1.5220472922325134,
    0.3396441662311554,
    0.5112123814225197,
    0.36442738568782806,
    0.18661813885718584,
    0.17957961528748273,
    0.15394879611954093,
    0.08391516413912177,
    0.06339230334572495,
    0.05692744167614728,
    0.05176068269647658,
    0.033289204828441145,
    0.028420813700184226,
    0.032409033284056935,
    0.024394743978977205,
    0.021077270926441998,
    0.024677131950156764,
    0.023096493636257945,
    0.01855740468809381,
    0.020019332515075802,
    0.018201594892540016,
    0.014909721513919066,
    0.01236266799585428,
    0.009415015139384196,
    0.015552734845521627,
    0.009191960823722183,
    0.0075849661770625975,
    0.007883241068804637,
    0.010549754399922676,
    0.006910662558017065,
    0.013624025631332188,
    0.008492199670203263,
    0.009606073974922765,
    0.007560904613666935,
    0.0064056846846069675,
    0.009090628212550656,
    0.003607843757083174,
    0.008231922573002521,
    0.004380784755689092,
    0.008542373391275759,
    0.010318139153096127,
    0.009915878197265556,
    0.0044368706215173,
    0.0032112017508843563,
    0.005915396094278549,
    0.007816823725763243,
    0.0074929094763429025,
    0.004158978374733124,
    0.006841445850790479,
    0.006116427430533804
  ],
  "kl_to_ref": [
    0.0,
    0.0,
    0.0,
    0.0,
    0.0,
    0.0,
    0.0,
    0.0,
    0.0,
    0.0,
    0.0,
    0.0,
    0.0,
    0.0,
    0.0,
    0.0,
    0.0,
    0.0,
    0.0,
    0.0,
    0.0,
    0.0,
    0.0,
    0.0,
    0.0,
    0.0,
    0.0,
    0.0,
    0.0,
    0.0,
    0.0,
    0.0,
    0.0,
    0.0,
    0.0,
    0.0,
    0.0,
    0.0,
    0.0,
    0.0,
    0.0,
    0.0,
    0.0,
    0.0,
    0.0,
    0.0,
    0.0,
    0.0,
    0.0,
    0.0
  ],
  "grad_norm": [
    2.1040603919029235,
    2.9956938420534134,
    3.6068060922622682,
    3.611474292859435,
    3.4741690859124064,
    3.2502287727445363,
    2.913603954561055,
    2.621840104982257,
    2.454193997468799,
    2.7815245365686714,
    2.316948478192091,
    1.7331209591492078,
    1.5748457965087146,
    1.7405837599961087,
    1.5047873562173917,
    1.019447877037339,
    1.3177461728439666,
    1.4895894695185126,
    1.1175090328948571,
    1.0542702212948352,
    1.4226175136959647,
    1.0366247072902042,
    0.8024588749131072,
    0.5870502141960896,
    1.1238685768404393,
    0.5830351104553556,
    0.548444812000147,
    0.5886778851422714,
    0.9430092792263022,
    0.333740631540888,
    1.1263788056226767,
    0.5106866427129134,
    0.5710822123298421,
    0.5785732109986129,
    0.482769167482038,
    0.6547274447202217,
    0.2276362593336671,
    0.5199844947735838,
    0.4768031306323246,
    0.6413051599027821,
    0.5621782987994666,
    0.7001145017593517,
    0.28475907245691634,
    0.32942559916900427,
    0.40094663560640037,
    0.3921876568797743,
    0.4168588616639026,
    0.22717953483691963,
    0.5564122369402176,
    0.42850270858197476
  ],
  "top1_acc": [
    0.17,
    0.197,
    0.291,
    0.362,
    0.376,
    0.378,
    0.433,
    0.451,
    0.48,
    0.479,
    0.478,
    0.484,
    0.489,
    0.49,
    0.494,
    0.497,
    0.491,
    0.49,
    0.496,
    0.497,
    0.494,
    0.494,
    0.495,
    0.497,
    0.496,
    0.499,
    0.5,
    0.499,
    0.495,
    0.499,
    0.495,
    0.499,
    0.498,
    0.499,
    0.499,
    0.498,
    0.499,
    0.498,
    0.5,
    0.498,
    0.498,
    0.498,
    0.499,
    0.5,
    0.499,
    0.496,
    0.499,
    0.499,
    0.497,
    0.497
  ]
}