{
  "cramer_mean": 0.0101380730047822,
  "cramer_std": 0.022447675466537476,
  "ks_mean": 0.5445372462272644,
  "ks_std": 0.4214991331100464,
  "wasserstein1_mean": 0.048374079167842865,
  "wasserstein1_std": 0.043031759560108185,
  "n_samples": 500
}