{
  "top_k": {
    "top_1": 0.36333333333333334,
    "top_3": 0.49066666666666664,
    "top_5": 0.558,
    "top_10": 0.6453333333333333
  },
  "mrr": 0.4655731596703251,
  "mean_reward": 0.7179358005523682,
  "median_reward": 0.7909911274909973,
  "reward_std": 0.3144548833370209,
  "reward_threshold_rates": {
    "reward_ge_0.5": 0.77,
    "reward_ge_0.8": 0.49533333333333335,
    "reward_ge_0.9": 0.408,
    "reward_ge_0.95": 0.38133333333333336,
    "reward_ge_0.99": 0.36333333333333334
  },
  "random_reward_baseline": 0.16969586260426714,
  "random_top_1": 0.02,
  "n_trials": 1500
}