{
  "mean_reward": [
    0.2148092606583157,
    0.2489535549806582,
    0.2799570321835376,
    0.29870837403310313,
    0.3110782844392029,
    0.3180521335956213,
    0.3149968282999219,
    0.3232866163692764,
    0.3345713422105119,
    0.3373853354840665,
    0.33511624666484624,
    0.35328613584106033,
    0.37730480086159063,
    0.3789928482996451,
    0.3950976713283642,
    0.42437361301602544,
    0.4372948786696872,
    0.45825602154474,
    0.4751986345729312,
    0.47956310736166463,
    0.5016471348904274,
    0.5071756839752197,
    0.5205472864814706,
    0.5201510722572739,
    0.5373851753569938,
    0.5537657318888484,
    0.5452086240858645,
    0.5606364003709845,
    0.5552858243117461,
    0.5673473082684182,
    0.5795861361800013,
    0.584817265336578,
    0.5955014204656756,
    0.5952044983167906,
    0.5983566045761108,
    0.6000768397305463,
    0.6112806039887506,
    0.6025411591336534,
    0.6078081694809166,
    0.6150318086147308,
    0.6153455658538921,
    0.6190265940653311,
    0.6220548845626213,
    0.626580223843858,
    0.6244271437864046,
    0.6322835732150722,
    0.6286945898790617,
    0.6329045352098104,
    0.6294916409092981,
    0.6368135705187514
  ],
  "max_reward": [
    1.0000001320967804,
    1.0000001208202258,
    1.0000001192092896,
    1.0000001272639714,
    1.0000001030999262,
    1.0000000918233716,
    1.0000001175983533,
    0.9935255405065175,
    1.0000001224311623,
    1.0000001385405257,
    1.0000001514280163,
    1.0000001562608254,
    1.0000001546498891,
    1.0000001610936344,
    1.0000001482061438,
    1.00000016753738,
    1.0000001594826982,
    1.0000001788139343,
    1.0000001417623985,
    1.0000001385405257,
    1.0000001320967804,
    1.0000001643155072,
    1.0000001320967804,
    1.0000001482061438,
    1.0000001546498891,
    1.000000135318653,
    0.9969901571402678,
    1.0000001562608254,
    1.000000130485844,
    1.0000001369295894,
    1.0000001240420986,
    0.9961823949942717,
    1.0000001208202258,
    1.0000001288749076,
    1.0000001546498891,
    0.9969339354618175,
    1.000000144984271,
    1.0000001208202258,
    1.0000001111546077,
    0.9888772738946451,
    0.9970868874240566,
    1.0000001159874168,
    1.0000001208202258,
    1.0000001288749076,
    0.9969338919665363,
    0.9942026766570838,
    0.9969338903555999,
    1.0000001385405257,
    1.0000001369295894,
    1.0000001482061438
  ],
  "pg_loss": [
    -0.07639435723398787,
    -0.1829658373686913,
    -0.2576277609914541,
    -0.2590746962641542,
    -0.2991871812909439,
    -0.31360592813910665,
    -0.31062669420262445,
    -0.3352798735974608,
    -0.31741253820222776,
    -0.3539307758816191,
    -0.34281600327105133,
    -0.4100397764830976,
    -0.4668719124149632,
    -0.47549935490698425,
    -0.5054829893885432,
    -0.5820308388084978,
    -0.5966078953163044,
    -0.6124009860528482,
    -0.6177634528359851,
    -0.5958475134259945,
    -0.6666998959876396,
    -0.6674943038740674,
    -0.6704776279024176,
    -0.6808298918846492,
    -0.731413096994967,
    -0.6854918003082275,
    -0.7114862235816749,
    -0.681457584774172,
    -0.6671048459169027,
    -0.6577058506978525,
    -0.7221214803489479,
    -0.7164980744993364,
    -0.693427786633775,
    -0.6530303242238792,
    -0.6674177453324601,
    -0.7387793192992339,
    -0.7168849593884236,
    -0.7050830101644671,
    -0.6516745465027319,
    -0.7009565951050939,
    -0.686453066162161,
    -0.6622041786039198,
    -0.723435765988118,
    -0.6962099405559333,
    -0.6711875220408311,
    -0.6876967372121038,
    -0.6502344986876926,
    -0.681395102997084,
    -0.5870207713262455,
    -0.7006256709227691
  ],
  "entropy": [
    3.8600876138016984,
    3.7610055949236894,
    3.613558530807495,
    3.4723734404589677,
    3.403101160719588,
    3.330000323218268,
    3.3535405236321525,
    3.3446785050469474,
    3.3359056872290536,
    3.3901905884613863,
    3.3972933292388916,
    3.319179953755559,
    3.2457269913441427,
    3.251102183316205,
    3.13936498358443,
    2.9758244076290645,
    2.840033312101622,
    2.7456342336293815,
    2.6597881252701217,
    2.6518258919587008,
    2.5594613358781144,
    2.481837343525242,
    2.3658097048063538,
    2.4242498262508496,
    2.325241407832584,
    2.176670931481026,
    2.2246027798266024,
    2.1482568270451314,
    2.1267203608074703,
    2.1207283090900733,
    2.0235498982506828,
    1.9578997218931042,
    1.8853098121849265,
    1.8634774362718738,
    1.8215537200102936,
    1.8366171927065462,
    1.7617102893623147,
    1.696230546848194,
    1.669152198611079,
    1.6806420989938684,
    1.6454535948263633,
    1.6375412361041919,
    1.571397043563224,
    1.5245131576383435,
    1.5293453609621204,
    1.4264887410241205,
    1.4482478757162351,
    1.4274846250946458,
    1.4158178132933539,
    1.4365003076759544
  ],
  "kl_to_ref": [
    0.0,
    0.0,
    0.0,
    0.0,
    0.0,
    0.0,
    0.0,
    0.0,
    0.0,
    0.0,
    0.0,
    0.0,
    0.0,
    0.0,
    0.0,
    0.0,
    0.0,
    0.0,
    0.0,
    0.0,
    0.0,
    0.0,
    0.0,
    0.0,
    0.0,
    0.0,
    0.0,
    0.0,
    0.0,
    0.0,
    0.0,
    0.0,
    0.0,
    0.0,
    0.0,
    0.0,
    0.0,
    0.0,
    0.0,
    0.0,
    0.0,
    0.0,
    0.0,
    0.0,
    0.0,
    0.0,
    0.0,
    0.0,
    0.0,
    0.0
  ],
  "grad_norm": [
    0.8086105005161183,
    0.8109467174555804,
    0.9645904334815772,
    0.9945826176050547,
    1.1083372847453967,
    1.3321732250419822,
    2.2683173836888493,
    2.663876887914297,
    2.954959212122737,
    3.4047111852748975,
    3.6281832005526566,
    3.375841040869017,
    5.475934292819049,
    5.778546375197333,
    6.051499727609995,
    5.240415334701538,
    8.826080090290791,
    8.535254581554517,
    7.714671115617494,
    10.55747788661235,
    6.739769278345881,
    8.807695859187358,
    9.520400994532817,
    9.801964115452122,
    9.044696530780277,
    8.114811581534308,
    12.209698193782085,
    9.7806109802143,
    11.789986971262339,
    10.93501954465299,
    8.651400424338675,
    13.489751210083833,
    11.888712618802044,
    11.280812418138659,
    12.509556235493841,
    11.501635654552564,
    9.746148276973415,
    15.420581063708743,
    14.4957946442269,
    14.532583507331642,
    16.857487781627757,
    12.52140348666423,
    10.495827430003398,
    15.363699938799884,
    14.520680878613446,
    13.075553249668431,
    13.381440278646108,
    13.389312280190957,
    15.424997329711914,
    14.260817308683652
  ],
  "top1_acc": [
    0.030405405405405407,
    0.02027027027027027,
    0.02364864864864865,
    0.013513513513513514,
    0.030405405405405407,
    0.033783783783783786,
    0.02702702702702703,
    0.02027027027027027,
    0.05067567567567568,
    0.04054054054054054,
    0.057432432432432436,
    0.033783783783783786,
    0.04391891891891892,
    0.06756756756756757,
    0.05067567567567568,
    0.07094594594594594,
    0.060810810810810814,
    0.060810810810810814,
    0.06418918918918919,
    0.05067567567567568,
    0.060810810810810814,
    0.06418918918918919,
    0.06418918918918919,
    0.07094594594594594,
    0.0777027027027027,
    0.0945945945945946,
    0.09121621621621621,
    0.09797297297297297,
    0.08783783783783784,
    0.11486486486486487,
    0.11824324324324324,
    0.11148648648648649,
    0.125,
    0.10810810810810811,
    0.12837837837837837,
    0.12162162162162163,
    0.15202702702702703,
    0.12162162162162163,
    0.13513513513513514,
    0.1554054054054054,
    0.16554054054054054,
    0.16216216216216217,
    0.14864864864864866,
    0.16891891891891891,
    0.16554054054054054,
    0.17229729729729729,
    0.16891891891891891,
    0.17567567567567569,
    0.15878378378378377,
    0.1858108108108108
  ]
}