{
  "top_k": {
    "top_1": 0.154,
    "top_3": 0.2753333333333333,
    "top_5": 0.36333333333333334,
    "top_10": 0.582
  },
  "mrr": 0.27654549401431033,
  "mean_reward": 0.615652322769165,
  "median_reward": 0.6998240351676941,
  "reward_std": 0.33271554112434387,
  "reward_threshold_rates": {
    "reward_ge_0.5": 0.6686666666666666,
    "reward_ge_0.8": 0.31933333333333336,
    "reward_ge_0.9": 0.23133333333333334,
    "reward_ge_0.95": 0.19866666666666666,
    "reward_ge_0.99": 0.154
  },
  "random_reward_baseline": 0.16969586260426714,
  "random_top_1": 0.02,
  "n_trials": 1500
}